Enhancer_ID,LABEL_Specificity,ON_target,max_subclass_primary,gap,max_scaled_acc_mouse,gini_index,GC.content,accessibility_mouse
AiE0007m,No_Labeling,0,Vip,7.639503479003906,4.54633581339972,0.788440649172113,45.0787401574803,113.188177954405
AiE0019m,Mixed_Target,0,Lamp5_Pax6,7.144868850708008,2.60757968744494,0.700589005970115,49.4932432432432,75.525894999504
AiE0025m,On_Target,1,Lamp5,7.9331374168396,4.13486420559399,0.857951589742116,35.4545454545455,114.213305711746
AiE0031m,No_Labeling,0,Lamp5_Pax6,-4.724023818969727,3.01915568064299,0.556230168364654,46.9899665551839,16.4710729122162
AiE0049m,Mixed_Target,0,L4_IT,,4.1654054160203,0.663827611414024,36.5034965034965,70.6742845326662
AiE0058m,On_Target,1,L4_IT,,3.47091971125488,0.728392372484184,40.2489626556017,29.7075699074194
AiE0060m,Off_Target,0,Vip,-4.438968181610107,3.17570780872651,0.564320967482533,57.0,36.9307412132621
AiE0073m,Mixed_Target,0,L4_IT,,1.7325293444861,0.610218902583472,55.8333333333333,93.9724274827167
AiE0078m,Mixed_Target,0,L4_IT,,2.20026792310944,0.718414063725093,42.1153846153846,39.333894610405
AiE0090m,On_Target,1,Sst,5.051858901977539,3.80036180813527,0.631077484003637,42.3913043478261,8.55901707708835
AiE0097m,No_Labeling,0,Lamp5_Pax6,8.16793441772461,3.15245945869077,0.806652504576261,42.8321678321678,36.5577468574046
AiE0104m,On_Target,1,Lamp5,9.43183422088623,3.01987719476848,0.639005912518891,55.8739255014327,13.8847547918558
AiE0121m,No_Labeling,0,Vip,-6.4435272216796875,2.61720379418387,0.662642120957108,49.5633187772926,29.0819260887802
AiE0127m,On_Target,1,Sst_Chodl,-3.678280830383301,4.67232059961752,0.919122710639615,35.3260869565217,46.3448565602301
AiE0321m,On_Target,1,Vip,3.168830156326294,4.53947869061127,0.797646840063376,42.4474187380497,23.2985883224755
AiE0324m,Mixed_Target,0,Vip,9.503002166748047,4.39414859063105,0.756479243766052,55.3982300884956,61.303378790617
AiE0340m,On_Target,1,Sst_Chodl,9.360224723815918,4.57338225925646,0.728663425599758,48.3271375464684,49.5047333836555
AiE0344m,No_Labeling,0,Sst_Chodl,13.989057540893555,4.4393318072044,0.460051728254833,49.7645211930926,12.6395065784454
AiE0345m,On_Target,1,Sst_Chodl,1.0017046928405762,3.85118137049052,0.604378311310302,48.2758620689655,5.26646107435226
AiE0346m,No_Labeling,0,Sst_Chodl,11.533586502075195,4.51981923228173,0.742692192384334,37.1244635193133,9.47962975502014
AiE0354m,On_Target,1,Vip,3.7667012214660645,3.95513874927071,0.733178524323588,46.9202898550725,21.811444574967
AiE0355m,On_Target,1,Vip,-1.0784282684326172,3.54059771474882,0.66111481653052,57.2062084257206,14.9540585037321
AiE0362m,Mixed_Target,0,L4_IT,,3.37149530423422,0.78498938391339,39.7435897435897,16.6937534809113
AiE0370m,No_Labeling,0,L5_ET,6.288882255554199,4.56120997904102,0.649323001815199,36.3064008394544,26.5820066761226
AiE0373m,On_Target,1,Astro,6.336392402648926,4.63476930524331,0.78770903231637,51.505016722408,42.074889337644
AiE0374m,On_Target,1,Astro,-6.684885501861572,4.59649860871477,0.663114651274038,58.7030716723549,34.7229377925396
AiE0375m,No_Labeling,0,Astro,-1.2375739812850952,4.08898778338502,0.712089959841235,41.4860681114551,9.36937375366688
AiE0376m,On_Target,1,Astro,8.721782684326172,4.68268866976216,0.849617109227019,45.7760314341847,65.3528365250676
AiE0377m,On_Target,1,Astro,1.2455224990844727,4.39354586772847,0.496632297750118,41.2844036697248,18.6417562253773
AiE0378m,No_Labeling,0,Astro,7.7681498527526855,4.69089703655241,0.849153840910101,51.7298187808896,83.2962541803718
AiE0385m,On_Target,1,Astro,12.484320640563965,4.46873582742549,0.738668302794615,44.2748091603053,84.0333894118666
AiE0386m,On_Target,1,Astro,-9.782958984375,4.40939961923804,0.542347383173533,59.4512195121951,43.2581848204135
AiE0387m,Mixed_Target,0,Astro,-1.0101935863494873,4.67483429927047,0.829715430199236,50.0,86.5357683598995
AiE0389m,On_Target,1,Astro,3.577341079711914,4.61030812442703,0.566940570705462,52.7659574468085,73.9074829872698
AiE0390m,On_Target,1,Astro,14.166084289550781,4.66196510676775,0.759223368490071,42.816091954023,73.9462782070041
AiE0395m,On_Target,1,Oligo,-14.045112609863281,4.11665124104847,0.770602034087909,55.0375939849624,139.630543783307
AiE0396m,On_Target,1,Oligo,4.907641410827637,4.59423646033522,0.585431707576591,51.5527950310559,38.9588818252087
AiE0397m,On_Target,1,Oligo,18.623910903930664,4.65425531952984,0.741238184817271,45.2914798206278,62.9556403979659
AiE0398m,No_Labeling,0,Oligo,20.45374870300293,4.595744271645,0.756504961518038,56.8588469184891,82.1721684560179
AiE0400m,On_Target,1,Oligo,5.036230087280273,4.25954788806544,0.873746051622733,33.6515513126492,28.4901760183275
AiE0402m,No_Labeling,0,Oligo,31.249088287353516,4.61868341847431,0.746305381516485,53.6842105263158,76.9139146953821
AiE0405m,No_Labeling,0,Oligo,3.399656295776367,3.93082206933059,0.805708074100265,51.8005540166205,34.3220570348203
AiE0409m,On_Target,1,Oligo,36.67329788208008,4.65000769890452,0.808999315564392,48.4662576687117,73.8545671552421
AiE0410m,Mixed_Target,0,Oligo,16.613697052001953,4.63740572911045,0.908567646661455,35.5932203389831,18.7385050803423
AiE0429m,No_Labeling,0,Micro_PVM,8.792194366455078,4.68387477305854,0.794091472260558,46.5779467680608,32.6434169579297
AiE0451m,On_Target,1,L5_ET,8.008960723876953,4.37027440607643,0.686926187040909,43.3656957928803,24.3799469769
AiE0452m,On_Target,1,L5_ET,0.8103113174438477,4.66199189308105,0.795395943845129,37.5565610859729,14.0774532370269
AiE0453m,On_Target,1,L5_ET,-0.2319791316986084,4.58476160349605,0.621407391796414,43.0693069306931,25.7169116260483
AiE0454m,No_Labeling,0,L5_ET,6.3317551612854,4.1289621518938,0.606353800999342,37.9609544468547,4.32547444850205
AiE0455m,No_Labeling,0,L5_ET,13.169831275939941,4.55955956001136,0.766715125932487,31.4285714285714,16.7251678621396
AiE0456m,On_Target,1,L5_ET,11.103947639465332,4.63342668413046,0.853152932148476,37.0944992947814,42.3896501502022
AiE0457m,No_Labeling,0,L5_ET,0.8676283359527588,4.38773947113638,0.610038506322467,34.2494714587738,8.78202377725392
AiE0458m,Off_Target,0,L5_ET,11.23854923248291,4.63774723318695,0.735839852873903,32.0,7.15669408254326
AiE0459m,On_Target,1,L5_ET,8.150979042053223,4.5614574099587,0.681678929400153,37.3570520965692,25.0091068781911
AiE0460m,On_Target,1,L5_ET,17.580692291259766,4.47283772867,0.732896167622465,38.5526315789474,26.686866670847
AiE0461m,On_Target,1,L5_ET,9.574817657470703,4.65608306603015,0.82489546098127,38.4955752212389,29.4132265392691
AiE0462m,On_Target,1,L5_ET,15.028212547302246,4.6224017012978,0.784278266959236,45.2088452088452,11.5083835087717
AiE0463m,On_Target,1,L5_ET,13.023648262023926,4.3835076937305,0.728014077613475,31.8611987381703,6.94697411824018
AiE0464m,On_Target,1,L5_ET,16.485002517700195,4.5059643533834,0.735778853335721,28.858024691358,15.309558221139
AiE0465m,On_Target,1,Sst_Chodl,4.127287864685059,4.30953875991768,0.794301695906319,33.9285714285714,6.31975328922272
AiE0467m,No_Labeling,0,Sst_Chodl,7.9574785232543945,4.63582100458049,0.726896902212651,40.6611570247934,21.0658442974091
AiE0468m,On_Target,1,Sst_Chodl,29.250137329101562,4.63958808866569,0.69553406501084,47.2819216182048,35.8119344115257
AiE0469m,No_Labeling,0,Sst_Chodl,1.673989176750183,4.56163048800465,0.662680410510125,40.8309455587393,26.3323053717614
AiE0471m,On_Target,1,Sst_Chodl,-8.814729690551758,4.65635492774488,0.748387370001217,43.8538205980066,21.0658442974091
AiE0475m,On_Target,1,Pvalb_ChC,-3.1603851318359375,4.63520724312886,0.692100932710821,32.3248407643312,7.44451475143433
AiE0476m,On_Target,1,Pvalb_ChC,-5.172496795654297,3.42529416242056,0.762110190835083,35.523613963039,7.44451475143433
AiE0479m,Mixed_Target,0,Pvalb_ChC,2.742025852203369,4.5359600451871,0.6127683266007,48.4810126582278,40.9448314905166
AiE0480m,Off_Target,0,Sncg,-2.1243577003479004,3.70496429046707,0.587129145889104,40.554821664465,4.77417969703675
AiE0482m,No_Labeling,0,Sncg,10.623659133911133,3.41987394897486,0.675270713996003,46.7368421052632,8.7526627779007
AiE0483m,No_Labeling,0,Vip,-0.15305161476135254,3.57804386588561,0.603250738434504,54.8882681564246,18.1762037258595
AiE0485m,No_Labeling,0,Sncg,2.5769195556640625,4.24495410696125,0.721171676583803,40.0,12.3332975506783
AiE0486m,On_Target,1,L6b,1.2259917259216309,3.77984261649179,0.78385532868536,35.6209150326797,15.8905386663973
AiE0487m,No_Labeling,0,Sncg,-1.5206527709960938,3.75473511603819,0.677092688376793,43.1861804222649,8.3548144698143
AiE0488m,No_Labeling,0,Sncg,-2.4517672061920166,3.16871722153529,0.751018542445494,36.5546218487395,12.7311458587646
AiE0492m,No_Labeling,0,Sncg,2.838003158569336,4.14446981882535,0.695664245189871,47.8184991273996,13.5268424749374
AiE0494m,On_Target,1,Vip,-4.0550923347473145,3.29330680079154,0.725622117003438,37.2519083969466,18.0109655298293
AiE0496m,No_Labeling,0,Astro,-3.525566816329956,4.33874732699764,0.642872032203766,66.1268556005398,80.6774852201342
AiE0497m,No_Labeling,0,Astro,2.4882760047912598,4.38629732450112,0.681348647239645,50.328227571116,12.5700915120542
AiE0498m,Off_Target,0,Lamp5_Lhx6,-1.625688910484314,2.65275823792567,0.361873033371735,46.1904761904762,48.2506427764894
AiE0524m,Off_Target,0,L6_CT,-10.583173751831055,2.23230771500715,0.712602802753657,46.4285714285714,28.0845977514981
AiE0561m,No_Labeling,0,Vip,-4.619748115539551,4.4544595886476,0.825421954290529,42.4242424242424,50.315036667511
AiE0571m,No_Labeling,0,Pvalb_ChC,4.258206367492676,4.48754015832057,0.717123305298542,33.9152119700748,3.72225737571715
AiE0580m,No_Labeling,0,Pvalb,1.0380783081054688,2.5010786753272,0.540986678795433,36.6612111292962,6.72972576320172
AiE0581m,Mixed_Target,0,L5_ET,5.686336517333984,2.93365578262305,0.587725803811979,38.0664652567976,25.4285467285663
AiE0582m,No_Labeling,0,L6_IT_Car3,-3.4224138259887695,1.78953290203919,0.338534348950656,38.8157894736842,4.54034516215325
AiE0583m,On_Target,1,L5_ET,13.555421829223633,4.511274756281,0.595588580522279,35.8649789029536,10.1976336138323
AiE0584m,No_Labeling,0,Sst_Chodl,0.33178579807281494,4.12820436983813,0.53272743006555,42.9752066115703,8.42633754014969
AiE0585m,No_Labeling,0,Lamp5_Lhx6,-2.820134162902832,2.75646938755191,0.418001337192859,41.5300546448087,3.9122142791748
AiE0586m,No_Labeling,0,Vip,2.643962860107422,4.35568780779438,0.598136669250942,50.5823627287854,13.6321528125554
AiE0587m,No_Labeling,0,Vip,0.6886706352233887,3.57339348536669,0.637656317022699,51.8234165067178,18.0109656080604
AiE0588m,On_Target,1,Pvalb,1.108464241027832,3.04531465673422,0.704472185614798,40.3053435114504,23.2432295233011
AiE0589m,Mixed_Target,0,Pvalb,-0.4636240005493164,3.38642570457031,0.767550900124179,36.9175627240143,5.0810780748725
AiE0590m,On_Target,1,Pvalb,1.636521339416504,3.60865916781322,0.780309476088207,33.5907335907336,6.83783387392759
AiE0591m,No_Labeling,0,Pvalb_ChC,-1.9830234050750732,2.62994815183213,0.553736071761341,36.3636363636364,1.86112868785858
AiE0592m,On_Target,1,L6b,-3.6970596313476562,3.03007123849454,0.788988304478164,42.0245398773006,13.2158935591578
AiE0597m,No_Labeling,0,L4_IT,,4.37770168117237,0.597669980741259,35.1002865329513,9.82128843013197
AiE0600m,On_Target,1,Sst_Chodl,38.32112503051758,4.68060874671585,0.736349792997569,51.7357222844345,99.0094665884971
AiE0603m,No_Labeling,0,L5_ET,6.2111101150512695,4.52156949835287,0.627833479181772,57.8947368421053,16.6727379988879
AiE0604m,On_Target,1,L5_ET,-1.8282146453857422,4.6748842388704,0.783590794632477,38.5438972162741,24.1964419484138
AiE0605m,No_Labeling,0,L6_IT,-0.8056693077087402,4.30293376522591,0.724543670301958,36.3636363636364,10.2500636335462
AiE0637m,On_Target,1,Sst_Chodl,10.301168441772461,3.54909042391914,0.846758780222855,34.9462365591398,33.7053501605988
AiE0638m,On_Target,1,Sst,8.6524658203125,4.33653352232248,0.807099349262513,36.0158311345646,21.6013287110254
AiE0639m,No_Labeling,0,Sst,2.6891565322875977,3.61181897366687,0.56519254853172,39.84375,38.7646490195767
AiE0641m,On_Target,1,Oligo,8.687215805053711,3.42713124021659,0.896901343810214,47.1246006389776,113.387075297534
AiE0642m,No_Labeling,0,Astro,2.5583181381225586,4.66111360815178,0.755444390416199,60.7843137254902,44.8876414597034
AiE0647m,On_Target,1,L5_ET,13.735834121704102,3.98373364768628,0.818241588336378,34.4512195121951,19.3204526938498
AiE0651m,Mixed_Target,0,L4_IT,,4.19653639023101,0.841206697081845,31.5972222222222,9.16328643634915
AiE0652m,On_Target,1,L6b,11.143176078796387,4.58981015043932,0.838739306997935,35.7692307692308,19.5091762840748
AiE0654m,Off_Target,0,L5_IT,-3.1531600952148438,2.49220518980828,0.788675591022618,37.5266524520256,18.3541809283197
AiE0655m,Off_Target,0,L4_IT,,2.57571835694494,0.495440921645009,62.3481781376518,20.8123579770327
AiE0656m,Off_Target,0,L2-3_IT,-2.9486942291259766,3.13917096327646,0.608423322964661,45.5223880597015,2.70530194882303
AiE0659m,On_Target,1,Sncg,0.9571967124938965,4.16727188659882,0.799676900541286,36.5740740740741,8.3548144698143
AiE0660m,No_Labeling,0,L5_ET,10.210853576660156,3.48856970301503,0.479618057976467,39.9361022364217,6.97318908758462
AiE0661m,Off_Target,0,L5_ET,1.6441876888275146,4.63317290430798,0.69779361638795,27.6051188299817,16.0173629717901
AiE0662m,No_Labeling,0,L5_ET,13.360502243041992,4.56057083741978,0.749833784200702,30.7692307692308,7.9693590067327
AiE0663m,No_Labeling,0,L5_ET,2.53347110748291,4.61399644703281,0.730979021026797,32.6892109500805,15.7289981497452
AiE0664m,On_Target,1,L6b,-0.7874116897583008,4.45058471267795,0.776080605738636,44.6835443037975,34.2983906976878
AiE0665m,On_Target,1,L5_ET,9.897747993469238,4.65609490859544,0.801171909174159,38.7516254876463,22.8070469694212
AiE0666m,Off_Target,0,Vip,3.6349334716796875,4.17414153884531,0.658387570849857,47.1571906354515,11.0709605086595
AiE0667m,On_Target,1,L5_ET,-1.0274920463562012,4.35245314859129,0.650558529879974,32.2916666666667,7.49748901091515
AiE0668m,No_Labeling,0,L5_ET,3.118302345275879,4.30355698719819,0.689538980664782,35.8552631578947,4.27304447628557
AiE0669m,No_Labeling,0,L6b,5.690413475036621,4.1978047878687,0.661339383472183,31.700288184438,5.03462610393763
AiE0670m,On_Target,1,L5_ET,11.071587562561035,4.66792652409081,0.790237648294312,34.2780026990553,11.5083835115656
AiE0671m,On_Target,1,L4_IT,,4.51197996695736,0.854042467533521,36.784140969163,15.4996016286313
AiE0674m,On_Target,1,L5_ET,15.511022567749023,4.32890056322275,0.772359203087093,37.4538745387454,9.56847376842052
AiE0675m,Mixed_Target,0,L2-3_IT,1.1044402122497559,3.94731085115859,0.658476542906642,52.0833333333333,9.54812453314661
AiE0677m,No_Labeling,0,L2-3_IT,-1.495770812034607,3.36762560077717,0.593702647380991,49.6551724137931,7.13835975900293
AiE0678m,No_Labeling,0,L2-3_IT,1.7447357177734375,3.22999819472999,0.615627753935934,39.8058252427184,3.18270815815776
AiE0679m,Mixed_Target,0,L2-3_IT,6.381272792816162,4.10652916835988,0.758375796951919,30.8510638297872,10.6620723595843
AiE0680m,On_Target,1,L2-3_IT,-5.513751983642578,4.43706021455195,0.681373124981538,38.423645320197,10.2073998469859
AiE0681m,No_Labeling,0,L2-3_IT,1.2260098457336426,2.73990817523159,0.62234456233085,50.5338078291815,7.63849964551627
AiE0696m,On_Target,1,L5_ET,9.242258071899414,4.684500706753,0.820656773345881,40.9523809523809,52.9542939215899
AiE0697m,No_Labeling,0,L5_ET,6.805314540863037,4.54090973877214,0.625737442649754,44.5454545454545,19.1369474641979
AiE0698m,No_Labeling,0,L5_ET,12.973299980163574,4.65010135117971,0.779507827131417,38.3157894736842,20.7884925194085
AiE0699m,No_Labeling,0,L5_ET,8.268108367919922,4.66484130632936,0.845426649227831,34.4322344322344,14.8376882253215
AiE0700m,On_Target,1,L5_ET,25.27197265625,4.65880134962561,0.74903312263339,31.7195325542571,12.7404882917181
AiE0701m,No_Labeling,0,Lamp5_Lhx6,-1.3627817630767822,3.29209822074262,0.393641564518268,51.3574660633484,5.21628570556641
AiE0702m,No_Labeling,0,Pvalb_ChC,-1.7993054389953613,3.15464648837047,0.44046584293127,51.0162601626016,7.44451475143433
AiE0703m,No_Labeling,0,Pvalb_ChC,-4.225658416748047,4.30021660826943,0.576469399326484,59.1331269349845,7.44451475143433
AiE0705m,No_Labeling,0,Lamp5_Lhx6,0.295269250869751,2.97702463090759,0.627751024624017,32.7027027027027,2.60814285278321
AiE0708m,No_Labeling,0,Pvalb_ChC,4.1366682052612305,3.03420755237311,0.475349095358555,50.3215434083601,7.44451475143433
AiE0709m,No_Labeling,0,Pvalb,5.9184346199035645,3.14171226733009,0.569195760638398,44.4250871080139,6.13513147830963
AiE0710m,On_Target,1,Pvalb_ChC,-0.8084754943847656,4.61764945425336,0.799852819884495,44.1558441558442,11.1667721271515
AiE0723m,No_Labeling,0,Lamp5_Pax6,-5.9190263748168945,2.27538710752012,0.598476528360735,42.3295454545455,0.803466975688934
AiE0724m,On_Target,1,Lamp5,11.835121154785156,3.87546528373205,0.799838917722008,38.801261829653,9.18185418471694
AiE0725m,On_Target,1,L6b,1.034585952758789,4.61897252991037,0.724081286125791,49.6551724137931,22.4984854571521
AiE0726m,No_Labeling,0,L6b,-0.3244147300720215,4.1043298424681,0.812480372140242,43.0656934306569,6.92261090129614
AiE0727m,No_Labeling,0,L6b,-4.768464088439941,4.34854965762431,0.64444576230144,40.2810304449649,9.5972560197115
AiE0729m,Off_Target,0,L6_CT,-9.850135803222656,3.50033696279432,0.69821870134251,35.2798053527981,6.66788405925036
AiE0730m,No_Labeling,0,L6b,-1.5927457809448242,4.05826810955967,0.824406002697762,45.5263157894737,30.3650892153382
AiE0731m,No_Labeling,0,L6b,1.8912739753723145,3.27872979057005,0.573545533717686,48.3108108108108,5.82128645852208
AiE0733m,No_Labeling,0,Oligo,2.128427267074585,4.52451679134339,0.650215991110825,48.471615720524,15.1055295579135
AiE0734m,Off_Target,0,Micro_PVM,24.507915496826172,4.68192590323757,0.816972315894289,55.5023923444976,98.9419276826084
AiE0753m,No_Labeling,0,Vip,14.006026268005371,4.48011198323895,0.52592185022397,53.8461538461538,28.8340686522425
AiE0754m,No_Labeling,0,Sst_Chodl,-6.743263244628906,4.29634979620728,0.856223701857831,35.3065539112051,34.7586420178413
AiE0755m,On_Target,1,Lamp5_Lhx6,-3.235987663269043,4.65941389517071,0.883942946647066,38.8,5.21628570556641
AiE0758m,No_Labeling,0,Sst_Chodl,4.3883867263793945,4.34228358522117,0.669501842848389,45.045045045045,7.37304550409316
AiE0759m,On_Target,1,Sst,3.7841796875,3.73463243078506,0.68566068393233,42.8943937418514,36.9532166104764
AiE0762m,On_Target,1,Sst_Chodl,4.529594898223877,4.68345160859767,0.866060941423066,36.0485268630849,36.8652271628381
AiE0765m,No_Labeling,0,Sst,-1.7479840517044067,3.2532030799531,0.783561189680533,61.925601750547,46.2820921316743
AiE0766m,No_Labeling,0,L5_ET,6.903902053833008,4.54090973877214,0.625737442649754,44.7727272727273,19.1369474641979
AiE0767m,No_Labeling,0,L5_ET,12.973299980163574,4.65010135117971,0.779507827131417,38.3157894736842,20.7884925194085
AiE0768m,No_Labeling,0,L5_ET,8.243194580078125,4.66484130632936,0.845426649227831,34.6007604562738,14.8376882253215
AiE0769m,No_Labeling,0,Endo,-3.069936990737915,3.36111833631104,0.713518007001644,36.6425992779783,8.66617584228516
AiE0770m,On_Target,1,L6_IT_Car3,-1.7409579753875732,4.45589525459478,0.664494917239213,39.3634840871022,26.6745279952884
AiE0772m,On_Target,1,L6_IT_Car3,-0.12598133087158203,4.54691844551471,0.700019185343863,45.4676258992806,52.2139700800181
AiE0773m,No_Labeling,0,L6_IT_Car3,-1.1431617736816406,4.42474813735639,0.777934671875779,47.8976234003656,37.4578478559852
AiE0774m,On_Target,1,L6_IT_Car3,0.017185688018798828,4.4954114663731,0.571805834413936,46.3458110516934,62.4297462031245
AiE0778m,No_Labeling,0,Sst_Chodl,-0.5058283805847168,4.65836274679379,0.689998302744801,46.8315301391036,36.8652266263961
AiE0808m,Off_Target,0,Sst_Chodl,-2.891422748565674,1.7544913932759,0.624017824548058,63.2047477744807,180.112964451313
AiE0809m,No_Labeling,0,Sncg,-3.273059844970703,3.59723399789741,0.70251365977169,43.9909297052154,7.95696616172791
AiE0815m,On_Target,1,Pvalb,-3.282850742340088,3.1525678944008,0.625765673486917,40.9368635437882,5.83783435821533
AiE0816m,On_Target,1,Pvalb,18.422122955322266,4.2010297009311,0.557854980276772,53.3333333333333,71.0540125519037
AiE0875m,No_Labeling,0,L6_IT_Car3,-0.21796703338623047,2.30265335410311,0.43462175436221,53.125,4.91870726644992
AiE0887m,No_Labeling,0,Vip,3.2344799041748047,4.55217183963849,0.78821250278133,41.4855072463768,24.2073985263706
AiE0890m,No_Labeling,0,Pvalb_ChC,-11.027074813842773,2.90375870856436,0.444137816646576,37.5432525951557,5.58338606357575
AiE0891m,No_Labeling,0,Pvalb_ChC,-0.03636765480041504,4.50530880539166,0.7268017971831,40.5891980360065,13.0279008150101
AiE0892m,On_Target,1,Pvalb_ChC,12.371657371520996,3.14934039452006,0.625639322323041,38.124054462935,16.7501581907272
AiE0923m,No_Labeling,0,L6_IT_Car3,-4.641322135925293,4.45520763742856,0.84659242850488,34.6228239845261,23.2692691683769
AiE0924m,Off_Target,0,L6_IT_Car3,-1.174304485321045,4.49626334179536,0.628834207318959,43.5514018691589,9.45905240625144
AiE0925m,No_Labeling,0,L6_IT_Car3,-17.321887969970703,3.73635461211272,0.735098129730805,40.9488139825218,32.1607782393694
AiE0926m,No_Labeling,0,L6_IT_Car3,-1.4228055477142334,4.51097789840228,0.672849561572063,38.6842105263158,9.64823348075151
AiE0940m,Mixed_Target,0,L2-3_IT,16.47279930114746,4.20453548041116,0.678971232744406,44.7178002894356,53.0148247070611
AiE0941m,No_Labeling,0,L2-3_IT,6.73293399810791,4.45214000259999,0.669777563536009,47.6102941176471,30.9404702307657
AiE0942m,No_Labeling,0,L2-3_IT,3.9160099029541016,3.17103261212755,0.58089819650259,43.8799076212471,7.88856957200914
AiE0943m,No_Labeling,0,L2-3_IT,2.7176623344421387,3.66199146497345,0.676068735977697,38.4493670886076,6.52455169614406
AiE0944m,No_Labeling,0,L6_CT,4.205016136169434,3.92968188000275,0.597286972569923,55.5140186915888,11.0837012864649
AiE0945m,No_Labeling,0,L2-3_IT,7.4652605056762695,4.20792006877017,0.603602570341524,41.0301953818828,7.9113031597808
AiE0946m,No_Labeling,0,L5-6_NP,0.39043235778808594,3.67977171548886,0.787824099224215,42.9141716566866,41.6173722222446
AiE0947m,On_Target,1,Pvalb,4.998337268829346,3.79679017069764,0.763716491997568,43.5174746335964,49.3783497288823
AiE0948m,No_Labeling,0,Vip,7.567962646484375,4.58319951461787,0.668603330080567,40.8716136631331,18.1762038264424
AiE0963m,Mixed_Target,0,L5-6_NP,-0.41911745071411133,4.5938816091819,0.646513858108016,54.0415704387991,12.6748352050781
AiE0964m,Mixed_Target,0,L5-6_NP,-2.0075840950012207,4.373921209618,0.798218100002729,55.5183946488294,17.4653242193162
AiE0966m,No_Labeling,0,L5-6_NP,-6.2350664138793945,2.86436055048802,0.35146148825342,54.3103448275862,7.78454454615713
AiE0967m,Mixed_Target,0,L5-6_NP,-4.485624313354492,3.83216050661934,0.580132651547649,54.8556430446194,13.8724575228989
AiE0968m,On_Target,1,L5-6_NP,13.56214714050293,4.6219773428541,0.783782516691239,40.2597402597403,16.7667110525072
AiE0969m,Off_Target,0,L5_ET,-0.38775634765625,4.01285725169177,0.638122987412526,38.0487804878049,10.6957186320797
AiE0970m,On_Target,1,L5_ET,-2.232105016708374,4.02422741987682,0.658972566855141,35.0,5.26921425014734
AiE1035m,On_Target,1,L5_ET,15.442403793334961,4.61571329278822,0.843920036721532,33.4928229665072,3.32930458523333
AiE1036m,No_Labeling,0,L5_ET,13.249177932739258,4.56344308470132,0.753519301024857,31.1874105865522,17.0397478239611
AiE1037m,On_Target,1,L5_ET,11.786035537719727,4.67365532841108,0.820900856200981,36.734693877551,16.9348880192265
AiE1115m,Off_Target,0,Endo,0.18168163299560547,4.68601977824426,0.735685326968013,55.6978233034571,108.868836611509
AiE1116m,No_Labeling,0,Endo,-1.8740897178649902,4.68946179504767,0.84889055702281,35.0609756097561,51.184602946043
AiE1117m,No_Labeling,0,Endo,-0.07419967651367188,4.69022182565868,0.901421097084809,47.8723404255319,43.0600614845753
AiE1118m,No_Labeling,0,Endo,-5.474903106689453,4.63349545447833,0.708457588511844,47.877358490566,25.4568918049335
AiE1123m,Off_Target,0,Endo,5.117973327636719,3.34854380071813,0.121289997117404,69.2675159235669,204.196772754192
AiE1124m,Off_Target,0,Lamp5_Lhx6,-1.555567741394043,3.06938059452581,0.134806306286954,66.2295081967213,40.4262142181398
AiE1125m,Off_Target,0,Oligo,-6.3778395652771,2.40115363603602,0.169980523249187,56.259204712813,126.437106236815
AiE1126m,Off_Target,0,Lamp5_Lhx6,-2.704866886138916,1.78409432826706,0.0742834507783308,45.1127819548872,66.5076427459716
AiE1313m,No_Labeling,0,Endo,-2.8905510902404785,4.63349545447833,0.708457588511844,42.2509225092251,25.4568918049335
AiE1338m,No_Labeling,0,L5-6_NP,6.1223602294921875,3.18506221109319,0.437550335465517,54.519368723099,8.58295951411128
AiE1355m,No_Labeling,0,Lamp5_Lhx6,-0.440537691116333,3.70362079598387,0.457369518403863,45.375,5.21628570556641
AiE1381m,No_Labeling,0,L4_IT,,3.55326864307969,0.688801130212792,45.9665144596651,21.7628053603694
AiE1404m,On_Target,1,Sst_Chodl,31.88408088684082,4.6859754648612,0.807076876991908,41.9838523644752,52.6646094918252
AiE2004m,Mixed_Target,0,L5_ET,16.109901428222656,4.51956749331999,0.756730135381646,39.6396396396396,41.5245549660175
AiE2016m,Off_Target,0,Vip,-5.213332653045654,2.56496742201562,0.570699058031736,47.9041916167665,17.9283464234322
AiE2036m,On_Target,1,Pvalb_ChC,-8.01966667175293,2.48771972168982,0.622174675952022,43.0434782608696,9.30564343929291
AiE2051m,On_Target,1,L6_IT_Car3,-1.728945016860962,4.68538527399154,0.831476523264347,42.6136363636364,33.8634083122015
AiE2052m,On_Target,1,L6_IT_Car3,-8.59841537475586,4.2564486002752,0.698169240784708,40.8450704225352,15.8912081122398
AiE2057m,On_Target,1,L6_IT_Car3,-0.5324636697769165,4.68396940117609,0.85708979635142,44.4191343963554,33.2958648428321
AiE2068m,No_Labeling,0,Sncg,-0.9976682662963867,3.09213916277314,0.606946654169745,45.4545454545455,3.97848308086394
AiE2069m,No_Labeling,0,Sncg,1.903700351715088,4.555464595121,0.521034974962415,44.2260442260442,18.6988704800606
AiE2081m,No_Labeling,0,Vip,9.040760040283203,4.67752071655096,0.73976331476185,38.4126984126984,35.1957398783414
AiE2085m,No_Labeling,0,Vip,2.450150966644287,3.7251027329275,0.60607877250807,41.6870415647922,13.1364382077008
AiE2088m,No_Labeling,0,Vip,0.6582417488098145,4.60360081408865,0.803459130917471,29.7225891677675,20.1590623129159
AiE2090m,No_Labeling,0,L6b,3.5671393871307373,4.62853107671595,0.665841022083414,34.4298245614035,16.0478707328439
AiE2093m,No_Labeling,0,L6b,6.290194511413574,4.33591556287494,0.669761243339616,45.9069020866774,23.2851459681988
AiE2098m,On_Target,1,Lamp5,5.66519021987915,3.59110596066694,0.565259272432169,35.7586512866016,9.06988039612771
AiE2100m,No_Labeling,0,Lamp5,-3.246103286743164,2.72773649500916,0.522163850855288,41.6221985058698,6.15856077522039
AiE2103m,On_Target,1,Lamp5_Lhx6,0.6652129888534546,4.25612737590084,0.63014709307344,35.6103731815307,37.8180713653565
AiE2104m,On_Target,1,Lamp5_Lhx6,2.5706753730773926,3.64499770701178,0.624912337694985,40.1049117787315,50.8587856292724
AiE2112m,Off_Target,0,L5-6_NP,15.37343978881836,4.67290458343999,0.800597357534055,47.5308641975309,71.5579277426004
AiE2113m,Off_Target,0,L5-6_NP,13.976719856262207,4.58042734829321,0.711971358012563,40.8653846153846,22.5552184805274
AiE2114m,On_Target,1,L5-6_NP,6.374993801116943,4.65551465980302,0.758145722087592,46.3806970509383,13.2736463025212
AiE2115m,No_Labeling,0,L5-6_NP,23.478086471557617,4.61030649836564,0.67766242243688,42.3326133909287,27.6451131887734
AiE2116m,Mixed_Target,0,L5-6_NP,13.091531753540039,4.61030649836564,0.67766242243688,41.8060200668896,27.6451131887734
AiE2117m,On_Target,1,Astro,1.1947746276855469,3.52879595375158,0.84008069533988,48.0408858603066,185.699823450297
AiE2118m,On_Target,1,Astro,16.859493255615234,4.59699888440237,0.744053316153878,43.8320209973753,138.038226764649
AiE2119m,Off_Target,0,Astro,24.4239501953125,4.66686179799373,0.784955036924022,45.5988455988456,101.51124772802
AiE2120m,On_Target,1,Astro,14.803201675415039,4.63792042348641,0.789458973530805,42.2636965683323,141.626910131425
AiE2121m,On_Target,1,Astro,17.778488159179688,4.67687888109403,0.804506212736867,47.887323943662,146.088516712189
AiE2122m,On_Target,1,Astro,2.1130058765411377,4.68533733628155,0.759161959460321,36.9740376007162,87.0207260157912
AiE2123m,On_Target,1,Astro,8.889810562133789,4.40381245700808,0.693039555322146,41.9463087248322,83.4902372919024
AiE2124m,No_Labeling,0,Endo,-1.0095152854919434,4.69002996834097,0.757693818512359,54.140127388535,122.951373428106
AiE2125m,No_Labeling,0,Endo,-16.80885887145996,4.69177974404121,0.93919079465852,47.3498233215548,70.1418638527394
AiE2126m,No_Labeling,0,Endo,-21.860328674316406,4.63729753632373,0.95724004539198,49.4199535962877,80.9745825827122
AiE2127m,Off_Target,0,Endo,-1.5052781105041504,4.67924278206408,0.861704873958895,51.5789473684211,65.5379563272
AiE2128m,On_Target,1,Endo,-0.21166539192199707,4.69414553760051,0.930129149491398,59.8848368522073,144.075178474188
AiE2129m,No_Labeling,0,Endo,-0.6641941070556641,4.67298758811296,0.767557776092753,51.5426497277677,55.7885082364082
AiE2130m,No_Labeling,0,Endo,2.716935157775879,4.67887842196031,0.818805214101266,53.8258575197889,77.9955855309963
AiE2131m,Off_Target,0,Endo,-7.319972038269043,4.63271648101134,0.655427936315218,51.7958412098299,24.9152557253837
AiE2132m,Off_Target,0,Endo,-1.7483210563659668,4.69256123187517,0.844289415782488,49.3417286777333,278.40090635419
AiE2133m,On_Target,1,Endo,-18.47439193725586,4.6745368374466,0.864578910551508,58.5755813953488,213.404587715864
AiE2134m,On_Target,1,Endo,1.2207114696502686,4.69268535922875,0.782388895434895,47.2868217054264,137.575545966625
AiE2135m,On_Target,1,Endo,-4.261721611022949,4.65652403750933,0.872115953999395,54.0791100123609,298.170621335506
AiE2136m,No_Labeling,0,Endo,-2.31050443649292,4.65390230077527,0.657640983860008,46.639231824417,98.577751815319
AiE2137m,No_Labeling,0,Endo,-5.073301315307617,4.67734558024795,0.688489849979658,52.0770010131712,177.927426964045
AiE2138m,No_Labeling,0,VLMC,7.284355163574219,4.16368940762793,0.466149826929746,48.1698389458272,10.2375766038895
AiE2139m,No_Labeling,0,VLMC,3.796443462371826,3.99369824944697,0.618722971865211,51.8672199170125,11.212583899498
AiE2140m,No_Labeling,0,VLMC,-1.1535773277282715,3.69002352212471,0.463806075355142,44.5040214477212,2.4375182390213
AiE2141m,No_Labeling,0,Lamp5_Lhx6,0.6898488998413086,4.29849264711904,0.672520090415227,47.3846153846154,3.9122142791748
AiE2142m,No_Labeling,0,Lamp5_Lhx6,-1.6316096782684326,3.10754726479502,0.458901512510995,40.48,6.52035713195801
AiE2143m,No_Labeling,0,Lamp5,-1.8167707920074463,2.08849719071685,0.424009123239442,53.2520325203252,2.23947665467858
AiE2144m,No_Labeling,0,Sst_Chodl,-5.274370193481445,4.23792559876954,0.414088321326214,52.0,16.8526752591133
AiE2145m,No_Labeling,0,VLMC,3.4641153812408447,4.29135334605396,0.535017998489254,45.1536643026005,8.28756201267242
AiE2146m,No_Labeling,0,Endo,-1.278979778289795,3.25493847970336,0.589001251980833,54.0090771558245,14.0825357437134
AiE2147m,Off_Target,0,Sst,0.3770766258239746,1.8052956199454,0.353871411618056,52.2012578616352,10.5515925083309
AiE2148m,Off_Target,0,Endo,-1.901815414428711,3.85838176126989,0.403691360501919,57.1214392803598,7.58290386199951
AiE2149m,No_Labeling,0,L6_IT_Car3,-2.4319326877593994,4.08403216555249,0.536114689431199,42.0560747663551,3.78362102061511
AiE2150m,Off_Target,0,Pvalb,14.222553253173828,3.59660213014388,0.541658069211146,49.4525547445255,6.62161767482758
AiE2151m,No_Labeling,0,Lamp5_Lhx6,-4.246047019958496,3.63751264898806,0.573773947097405,44.6958981612447,5.21628570556641
AiE2152m,No_Labeling,0,Pvalb_ChC,-3.0764524936676025,3.73351480297479,0.543245090528501,46.5979381443299,7.44451475143433
AiE2153m,No_Labeling,0,L6_IT_Car3,-10.104194641113281,2.50702612984711,0.39224114607493,47.8011472275335,6.24297465384007
AiE2154m,No_Labeling,0,Endo,-6.137265682220459,3.45791327440535,0.590029378074013,51.2658227848101,13.8117178380489
AiE2155m,Off_Target,0,Sncg,-0.4229245185852051,2.2856359160167,0.337353338660014,50.989010989011,3.97848308086394
AiE2156m,Off_Target,0,Sncg,-1.2012765407562256,3.41865421933307,0.546051858267863,48.4555984555985,5.96772462129593
AiE2157m,Mixed_Target,0,VLMC,4.003574371337891,4.60422430568414,0.662469384306378,55.5858310626703,42.4128173589706
AiE2158m,No_Labeling,0,Sst_Chodl,-2.1648142337799072,2.84014390993861,0.43602949351638,50.2577319587629,4.21316885948181
AiE2159m,Mixed_Target,0,VLMC,8.421643257141113,4.58784765170332,0.531969545075614,60.6334841628959,35.5877662897109
AiE2160m,No_Labeling,0,Astro,-3.4000210762023926,2.91145750330659,0.591091582509852,50.1937984496124,9.0590011831373
AiE2161m,No_Labeling,0,Lamp5_Pax6,-2.846920967102051,2.79202796186838,0.560644310121094,50.4065040650407,1.60693395137787
AiE2162m,Mixed_Target,0,VLMC,1.5103206634521484,4.55702325778207,0.669546432503776,63.1299734748011,38.0252845287324
AiE2163m,No_Labeling,0,L6_IT_Car3,-0.11373341083526611,3.26034582392287,0.47702105554173,43.7801350048216,5.48625046759843
AiE2164m,No_Labeling,0,Sncg,-4.108309268951416,2.56542764948656,0.397321139745063,38.0664652567976,3.18278646469116
AiE2165m,Off_Target,0,L5_IT,-2.057614803314209,3.98125897878901,0.575756962386421,31.1991869918699,4.60336290299892
AiE2166m,No_Labeling,0,Pvalb_ChC,-1.6546220779418945,3.91673164157965,0.361320897261448,47.5460122699387,11.1667721271515
AiE2167m,No_Labeling,0,Sncg,-3.5848002433776855,4.12990634658521,0.47528323001221,43.7219730941704,10.3440560102463
AiE2168m,Mixed_Target,0,OPC,-2.933351516723633,3.15299447421707,0.374410705391945,58.0318379160637,19.5928960125893
AiE2169m,No_Labeling,0,Pvalb_ChC,-6.3508620262146,3.710666795115,0.457180853370068,42.3794712286159,14.8890295028687
AiE2170m,No_Labeling,0,Pvalb_ChC,-4.538229465484619,3.78526130725528,0.395480168181499,38.8059701492537,3.72225737571715
AiE2182m,Off_Target,0,L4_IT,,2.90790209835906,0.564410584890354,43.8943894389439,2.82697136141359
AiE2183m,Off_Target,0,Sncg,0.7092032432556152,4.43624772989763,0.671558414202548,39.5890410958904,11.5376009345055
AiE2184m,No_Labeling,0,L6_IT,-1.3391573429107666,3.53261677393623,0.68607289360614,40.3061224489796,5.70074873417616
AiE2185m,No_Labeling,0,L6_IT,0.8311886787414551,3.30031109409061,0.616717201487146,52.4844720496894,9.02822416462004
AiE2186m,No_Labeling,0,L6_IT,-1.9451457262039185,3.82778413336734,0.700991123109211,52.7696793002915,11.450430829078
AiE2187m,No_Labeling,0,L6_IT,-0.0850076675415039,4.24503912084011,0.709395492790769,40.3061224489796,13.3099022945389
AiE2188m,No_Labeling,0,L6b,5.176200866699219,4.57144228390866,0.591003347790541,43.2387312186978,45.1543033048509
AiE2189m,No_Labeling,0,L6b,0.6453962326049805,4.66704455153594,0.70759337635303,40.4951370468612,47.6716162785888
AiE2190m,No_Labeling,0,L6b,4.189815998077393,4.5135037779345,0.615955680876418,42.9405520169851,34.927718717605
AiE2192m,On_Target,1,L6b,0.16164350509643555,4.28508187813223,0.615477487830797,46.2016574585635,34.7703866176308
AiE2193m,Off_Target,0,L6b,1.8644473552703857,4.35868978802149,0.673879390416665,41.5249588590236,35.5570469610394
AiE2194m,No_Labeling,0,L5-6_NP,5.542490482330322,4.62531888790018,0.685376387044619,42.9073856975381,16.9663149788976
AiE2204m,No_Labeling,0,L5-6_NP,3.8989906311035156,4.53889627437818,0.550935919620702,48.2758620689655,45.3100409992039
AiE2331m,Mixed_Target,0,Endo,-2.683272361755371,3.68914356159571,0.428142346946938,57.0858283433134,95.057119935751
AiE2332m,No_Labeling,0,Sncg,3.5000219345092773,2.27182282991658,0.380852029223762,51.497005988024,2.78493815660477
AiE2333m,Mixed_Target,0,L6_IT_Car3,3.610485076904297,4.10058644002532,0.806906543903597,37.9061371841155,49.7546159550547
AiE2334m,Off_Target,0,L6_IT_Car3,-1.9254515171051025,4.44453208085314,0.754507758000505,37.1866295264624,22.1341828331351
AiE2335m,No_Labeling,0,L6_IT_Car3,-5.597738265991211,4.52160687813967,0.730355553274229,44.4615384615385,17.0262943804264
AiE2336m,No_Labeling,0,L6_IT_Car3,-1.5414752960205078,4.20236538303257,0.724298885334291,47.037037037037,17.7830186784267
AiE2337m,No_Labeling,0,L6_IT_Car3,-4.108103275299072,4.57963109784127,0.691310441936551,41.8,19.8640101402998
AiE2339m,On_Target,1,L6_IT_Car3,-8.963690757751465,4.58041850053058,0.691176651672263,36.5159128978224,23.6476311162114
AiE2340m,Off_Target,0,L6_IT_Car3,-6.361612796783447,2.20479621346049,0.750869282849576,38.7205387205387,3.97280202805997
AiE2341m,No_Labeling,0,L6_IT_Car3,-1.9267570972442627,4.38163206983566,0.72735086864559,34.3936381709742,5.86461254954338
AiE2342m,On_Target,1,Sst,-1.2949204444885254,3.09703635716924,0.598765128134608,41.8154761904762,12.9517402192578
AiE2343m,Mixed_Target,0,L6_IT_Car3,-1.8874006271362305,3.99112345702663,0.659794433060119,39.5491803278689,8.51314727962017
AiE2344m,On_Target,1,Sst,1.9920432567596436,3.56731239561307,0.542743835143252,43.1683168316832,10.596878352575
AiE2345m,No_Labeling,0,L6_IT_Car3,-1.4930791854858398,2.75911031827688,0.566453416566097,41.0468319559229,3.97280202805997
AiE2346m,Off_Target,0,L6b,-5.053928375244141,2.196011547013,0.35966513372394,51.468315301391,34.9277186617255
AiE2347m,Mixed_Target,0,L6_IT,0.4823751449584961,2.78434835509643,0.494531712764228,44.6870451237263,24.5890659503638
AiE2348m,Mixed_Target,0,Lamp5_Lhx6,-2.650782585144043,2.86948575880575,0.50465732254597,48.6486486486487,18.2569999694824
AiE2349m,No_Labeling,0,L6b,-0.25699472427368164,4.66341789273048,0.772198906963422,43.9121756487026,34.6130548082292
AiE2350m,No_Labeling,0,L6b,-1.251013994216919,4.65473495913757,0.744570591139288,43.2343234323432,32.7250700891019
AiE2351m,Mixed_Target,0,L6b,-1.4203457832336426,4.17588121128643,0.782475052382998,36.5284974093264,42.4796583764256
AiE2352m,No_Labeling,0,Endo,-6.4025654792785645,4.27487539344274,0.612623968902608,39.2111368909513,17.0615339577198
AiE2353m,Mixed_Target,0,Endo,-3.2472293376922607,3.96357279708299,0.71593195784236,44.4604316546763,24.3736196458339
AiE2354m,No_Labeling,0,L6b,-0.6879009008407593,2.57972519613897,0.457615119879644,54.6120058565154,15.4185425117612
AiE2357m,No_Labeling,0,Lamp5_Lhx6,-3.977673053741455,2.54431909733683,0.545577088466735,43.0249632892805,5.21628570556641
AiE2358m,No_Labeling,0,L6b,1.7526013851165771,3.78220021802119,0.690094120220196,36.6120218579235,22.0264892466366
AiE2359m,On_Target,1,L6b,0.745274543762207,3.78220021802119,0.690094120220196,36.6120218579235,22.0264892466366
AiE2360m,No_Labeling,0,Lamp5,11.263057708740234,2.68815483015254,0.492790481131958,48.9520958083832,20.0433153994381
AiE2361m,No_Labeling,0,Lamp5,13.625354766845703,2.68815483015254,0.492790481131958,48.9520958083832,20.0433153994381
AiE2362m,On_Target,1,Lamp5,2.3716259002685547,2.99559848364062,0.611872684702836,49.1875923190547,45.3494012877346
AiE2363m,No_Labeling,0,Oligo,-3.976633071899414,3.69835405613478,0.599773488173897,51.6245487364621,48.2325288690627
AiE2364m,No_Labeling,0,Lamp5_Pax6,-1.4385147094726562,2.18329191856881,0.615624150048431,47.2089314194577,31.3352116942406
AiE2365m,Mixed_Target,0,Lamp5,12.21806526184082,3.18805245223779,0.426676520007496,52.2012578616352,13.4368596374989
AiE2366m,Mixed_Target,0,Lamp5_Lhx6,6.8914289474487305,2.61892208041615,0.686797429024707,32.5652841781874,14.3447856903076
AiE2367m,Mixed_Target,0,L5_ET,10.85378646850586,3.9258728144525,0.676495675428144,44.022770398482,15.3619881207123
AiE2368m,No_Labeling,0,Lamp5_Pax6,7.143213748931885,3.47926735288774,0.747780549317321,49.9072356215213,22.4970751404762
AiE2369m,Mixed_Target,0,Lamp5_Pax6,-3.713268280029297,2.71798998620491,0.692712215886216,47.0149253731343,12.4537381231785
AiE2370m,On_Target,1,Lamp5_Pax6,0.4207625389099121,3.47208527439586,0.667909209104386,35.46875,8.83813673257828
AiE2373m,No_Labeling,0,Astro,-12.6505765914917,2.66939277582006,0.233273121328899,61.214953271028,59.3393673598766
AiE2375m,Off_Target,0,Endo,-31.302099227905273,1.89538816074888,0.114800086768628,57.0566948130277,148.949901401997
AiE2377m,No_Labeling,0,L6b,-1.5896748304367065,2.06187229328685,0.519123489074583,39.2,9.28259188681841
AiE2381m,No_Labeling,0,L5_ET,5.373689651489258,2.42275330886703,0.606324786614212,47.6106194690266,16.3057280424982
AiE2383m,Mixed_Target,0,Vip,-2.2555553913116455,3.72293695339266,0.56626249774924,54.6365914786967,36.6002649553121
AiE2384m,No_Labeling,0,Sncg,7.443320274353027,3.15659089704027,0.758041159614072,44.4250871080139,15.5160840153694
AiE2385m,No_Labeling,0,Sncg,7.213063716888428,3.18124958965361,0.752326758316805,44.1368078175896,16.3117806315422
AiE2386m,Mixed_Target,0,L5_ET,-2.298428535461426,3.10216750123528,0.759010640036323,33.3333333333333,20.6049873568118
AiE2387m,Mixed_Target,0,L5_ET,-2.7425098419189453,3.10216750123528,0.759010640036323,33.3333333333333,20.6049873568118
AiE2389m,On_Target,1,L5_ET,1.4081511497497559,4.52930845838457,0.820858631465344,30.4147465437788,31.9036509878933
AiE2392m,No_Labeling,0,Sst_Chodl,-5.693694591522217,4.05112008361331,0.804632234989435,31.4453125,5.26646107435226
AiE2393m,Off_Target,0,L6_IT_Car3,-2.670304298400879,4.57787514747883,0.8684746195703,30.5232558139535,3.78362104296684
AiE2394m,Mixed_Target,0,L6b,-4.373506546020508,3.04193756750031,0.477114709353104,39.6875,19.9811723269522
AiE2395m,Mixed_Target,0,L6b,0.40157413482666016,3.04193756750031,0.477114709353104,39.6875,19.9811723269522
AiE2396m,No_Labeling,0,L6b,-0.5338735580444336,3.70726452655846,0.548917853467928,44.7782546494993,15.8905386552215
AiE2397m,No_Labeling,0,L6b,0.1340036392211914,3.70726452655846,0.548917853467928,44.7782546494993,15.8905386552215
AiE2398m,No_Labeling,0,L6b,1.9088258743286133,3.78615767182711,0.658694607332484,41.49377593361,15.1038783229888
AiE2399m,No_Labeling,0,L6b,0.8981890678405762,2.90326105073077,0.514220732629359,43.1372549019608,11.4852408058941
AiE2400m,Off_Target,0,L6b,-2.3478622436523438,3.16929766380912,0.523573411063049,41.6433239962652,23.757141944021
AiE2401m,On_Target,1,L5_ET,-2.753201484680176,4.6762244132278,0.766808510169147,38.0073800738007,25.0615368392318
AiE2402m,On_Target,1,L5_ET,3.99951171875,4.54155195766493,0.834055301688245,39.2316647264261,56.4933181665838
AiE2403m,No_Labeling,0,L2-3_IT,-3.268221378326416,3.08609801999101,0.559652729939055,43.6781609195402,6.79735534451902
AiE2404m,Off_Target,0,L4_IT,,3.17994450676793,0.474511271966629,36.424957841484,7.21365106198937
AiE2405m,Off_Target,0,L4_IT,,2.59573418824683,0.560586604464392,40.8765652951699,10.1868450595066
AiE2406m,No_Labeling,0,L2-3_IT,4.4776611328125,4.11019049910808,0.698139334161407,39.1915641476274,15.4588684374467
AiE2407m,On_Target,1,L2-3_IT,8.241507530212402,4.44010232140798,0.513889524506002,45.0406504065041,23.2337697241455
AiE2409m,No_Labeling,0,L6_CT,-2.5529675483703613,4.37692668282946,0.614068037705418,49.7970230040595,33.4277366884054
AiE2411m,No_Labeling,0,L6_CT,-5.296337127685547,4.032426955177,0.550757710320667,45.7861635220126,18.9217769606039
AiE2412m,Mixed_Target,0,L5_ET,14.30886173248291,2.92324720191536,0.606556180829773,46.3840399002494,23.6459269691259
AiE2413m,Off_Target,0,L6_CT,-9.359082221984863,2.24591201125906,0.584712389771536,47.5814412635735,42.9659021627158
AiE2417m,No_Labeling,0,Sst_Chodl,7.711748123168945,4.60679942405767,0.561135172680444,47.741273100616,51.6113176345824
AiE2418m,No_Labeling,0,Sst_Chodl,-2.798520088195801,3.99065536934462,0.648757177998701,56.0137457044674,28.4388890862466
AiE2419m,No_Labeling,0,L6_IT_Car3,-1.0571895837783813,4.67031243205623,0.829908733644312,42.9697766097241,40.8631066158413
AiE2420m,On_Target,1,L6_IT_Car3,-0.8272191286087036,4.67412754418142,0.772502463241561,38.8761467889908,41.2414688542485
AiE2421m,No_Labeling,0,L6_IT_Car3,-8.93724250793457,4.53529186884657,0.665868532794499,40.2272727272727,73.0238861069083
AiE2423m,No_Labeling,0,L6_IT_Car3,-4.77657413482666,3.59686337877873,0.702267489714267,43.1446540880503,27.052890367806
AiE2424m,Off_Target,0,Sst_Chodl,12.197477340698242,4.32695049590656,0.740694796271776,42.9189189189189,70.5705767869949
AiE2425m,On_Target,1,Sst_Chodl,26.836891174316406,4.52679278964527,0.754077267810777,44.9856733524355,84.2633757591247
AiE2426m,Mixed_Target,0,Sst_Chodl,-4.8250274658203125,2.69092153205909,0.682437067433527,48.1751824817518,25.279012799263
AiE2428m,On_Target,1,Sst_Chodl,29.37786102294922,4.63110843242017,0.693924002443368,47.3821989528796,40.0251032710075
AiE2429m,No_Labeling,0,Sst_Chodl,26.12921714782715,4.63110843242017,0.693924002443368,47.3821989528796,40.0251032710075
AiE2430m,Off_Target,0,Sncg,8.938702583312988,3.77515469442759,0.658187291055757,51.4522821576763,20.6881120204926
AiE2431m,On_Target,1,Vip,6.41615104675293,4.3264470857579,0.70052817545348,54.6109510086455,74.1093405392021
AiE2432m,No_Labeling,0,L2-3_IT,-0.8983340263366699,2.83068336452814,0.49385056126068,49.4736842105263,4.5239923344925
AiE2433m,No_Labeling,0,Vip,-2.8605575561523438,2.84181586424267,0.367174285529097,48.7951807228916,1.23928660154343
AiE2434m,Off_Target,0,Sst_Chodl,-3.728806972503662,3.67690613310304,0.486669710830837,50.8165225744476,4.21316885948181
AiE2435m,No_Labeling,0,Lamp5_Lhx6,-2.847773313522339,2.6431789918611,0.374883209283255,49.940119760479,5.21628570556641
AiE2436m,On_Target,1,Sst,-10.034019470214844,2.12051105353332,0.543133773822294,55.2123552123552,74.44986262545
AiE2437m,Mixed_Target,0,Lamp5,14.217223167419434,3.16388906916133,0.587713519560251,49.3493493493493,70.9914075024425
AiE2438m,No_Labeling,0,Pvalb,3.351149559020996,3.04954462461701,0.521603724789954,46.0221550855992,22.8378244042397
AiE2439m,On_Target,1,Lamp5,6.341452598571777,3.83216964003994,0.809290530478332,35.1434426229508,177.366546213627
AiE2442m,No_Labeling,0,L6b,-7.557599067687988,2.29161112801296,0.575562384058108,46.9893742621015,19.9811723269522
AiE2443m,On_Target,1,L5-6_NP,-5.495354652404785,3.36983494437576,0.638203475846108,46.7650397275823,67.7654573991895
AiE2445m,No_Labeling,0,Oligo,-11.401063919067383,4.45312403472034,0.60985824267302,39.3129770992366,37.1901962086558
AiE2446m,Mixed_Target,0,Lamp5,6.84275484085083,3.21295408322319,0.705021441831031,33.2460732984293,27.7695096731187
AiE2447m,No_Labeling,0,Pvalb,-3.617854595184326,2.62975491408525,0.429147645992514,56.8027210884354,6.67567176371813
AiE2448m,No_Labeling,0,L4_IT,,2.20042740829737,0.570431811519996,52.5810324129652,42.4776815045626
AiE2449m,Mixed_Target,0,L5-6_NP,-0.8950107097625732,1.98627462051887,0.443704100596713,32.5342465753425,9.68077982962131
AiE2450m,Off_Target,0,Lamp5_Lhx6,-6.903779029846191,1.59014698742471,0.595067634206993,68.1751824817518,521.628570556642
AiE2452m,No_Labeling,0,Vip,6.101467132568359,4.08732435724417,0.643711260466817,33.9118825100133,15.6150113157928
AiE2454m,On_Target,1,Oligo,3.9555225372314453,3.22762136384832,0.668235917310392,43.2432432432432,30.8324891030789
AiE2455m,On_Target,1,Oligo,3.9555225372314453,3.22762136384832,0.668235917310392,43.2432432432432,30.8324891030789
AiE2459m,On_Target,1,L5_ET,10.292520523071289,2.75976966970355,0.611950574429158,35.5864811133201,19.2680225903168
AiE2460m,No_Labeling,0,L5_ET,11.753617286682129,2.75976966970355,0.611950574429158,35.5864811133201,19.2680225903168
AiE2462m,No_Labeling,0,L2-3_IT,3.325510025024414,3.06303621467265,0.785673415118767,44.150417827298,75.7711883336306
AiE2463m,No_Labeling,0,L2-3_IT,7.213147163391113,3.87869647885624,0.751805955583549,37.1268656716418,21.2559438999742
AiE2464m,No_Labeling,0,L2-3_IT,3.700716972351074,3.31814773509032,0.817632714837261,37.0093457943925,28.5761726349593
AiE2465m,On_Target,1,Vip,-1.5870627164840698,4.4494016772534,0.837593536353117,43.4108527131783,48.5800354052335
AiE2466m,No_Labeling,0,Sncg,-1.685731291770935,2.13294021856233,0.568342617542936,35.4166666666667,3.58063477277755
AiE2467m,On_Target,1,Vip,-1.3150320053100586,3.8393074015124,0.75116077216357,41.4330218068536,55.1895641684532
AiE2468m,No_Labeling,0,Vip,7.096163749694824,4.5624815995993,0.76231260352548,45.2145214521452,125.085329566151
AiE2469m,Off_Target,0,L6_IT_Car3,-9.329859733581543,4.47180498518397,0.570108981017201,48.3009708737864,32.7283214181662
AiE2470m,No_Labeling,0,L6_IT_Car3,-3.190718173980713,4.46889177691454,0.775741409252669,44.5488721804511,39.1604773029684
AiE2472m,On_Target,1,Sst_Chodl,14.711797714233398,4.08355923504708,0.712766854774261,44.4753946146704,55.8244866728781
AiE2473m,Mixed_Target,0,Vip,-3.695793628692627,2.35245520675306,0.554717733091425,55.3691275167785,19.4981092493981
AiE2474m,Mixed_Target,0,Lamp5,10.1318998336792,3.34230801154253,0.753560269546036,35.995085995086,34.1520180143417
AiE2475m,Mixed_Target,0,Astro,2.0885562896728516,2.67682814040138,0.645388323762701,60.0,58.3694526515901
AiE2476m,On_Target,1,Astro,1.31427001953125,2.68050984051936,0.64987755520472,60.16,57.3025467284023
AiE2477m,Off_Target,0,Vip,2.062173843383789,3.37595562047441,0.769202795631707,48.1865284974093,38.2526469714938
AiE2478m,No_Labeling,0,Pvalb_ChC,-1.4403828382492065,3.5196232498254,0.699804739430077,46.286701208981,22.333544254303
AiE2481m,No_Labeling,0,L6_IT_Car3,-1.773320198059082,4.54691844551471,0.700019185343863,45.821325648415,52.2139700800181
AiE2482m,Mixed_Target,0,L6_IT_Car3,1.7226715087890625,2.77320770055152,0.467384897912778,65.3923541247485,93.6446200311184
AiE2484m,No_Labeling,0,L5_ET,0.7631125450134277,4.31616174086531,0.614385226473504,33.3333333333333,9.1752487309277
AiE2486m,Mixed_Target,0,OPC,-6.022056579589844,1.96070992685819,0.452905703937588,60.4395604395604,56.8702890872954
AiE2487m,Off_Target,0,L5_IT,-6.541645050048828,2.75932252439578,0.606952744152952,42.9411764705882,18.6307777594775
AiE2490m,No_Labeling,0,L5_IT,-16.399538040161133,3.27687279184684,0.550320210799333,46.4163822525597,18.0578269455582
AiE2492m,No_Labeling,0,Lamp5_Pax6,-1.125876545906067,3.55812132206063,0.562074798269675,40.2777777777778,11.2485376596451
AiE2493m,Mixed_Target,0,L5_IT,-4.903902053833008,4.62384498122632,0.644942911543161,50.0,30.7615280225873
AiE2494m,No_Labeling,0,L5_IT,-1.8689651489257812,4.49459033078988,0.722474767594006,41.4551607445008,22.779731316492
AiE2495m,No_Labeling,0,Lamp5,6.285265922546387,3.26769334667865,0.659709571639971,41.0828025477707,17.8038389794529
AiE2496m,On_Target,1,Lamp5_Pax6,5.9628119468688965,3.1224046363782,0.623927510284298,47.638326585695,34.1473461091519
AiE2497m,No_Labeling,0,Oligo,-3.7349700927734375,3.48532576036055,0.571805381572329,36.0859728506787,8.07859009131789
AiE2498m,On_Target,1,Lamp5_Pax6,-0.4203096032142639,2.35983834361413,0.520923446277941,39.0779363336992,11.2485376596451
AiE2499m,Mixed_Target,0,Lamp5,-1.7057132720947266,2.33039826215386,0.622883042372103,39.9394856278366,22.2827922552824
AiE2500m,No_Labeling,0,L6_CT,-1.6973600387573242,3.37117330555482,0.740996120602183,36.491935483871,28.1729144370182
AiE2501m,No_Labeling,0,L6_CT,-1.766968011856079,2.4650215793659,0.627087887395053,40.0,4.74700362235308
AiE2502m,Mixed_Target,0,L6_CT,-2.9995903968811035,2.54580813656746,0.58945197129133,45.8646616541353,13.7994289761409
AiE2503m,No_Labeling,0,Pvalb,-1.5361509323120117,2.67349558331594,0.485695246145236,57.6271186440678,5.4054022282362
AiE2505m,No_Labeling,0,Oligo,-4.153355121612549,2.2522993491167,0.548439375824304,35.3960396039604,0.860441531985998
AiE2509m,Off_Target,0,L5-6_NP,1.0482826232910156,4.68626300757798,0.848876499399587,43.2291666666667,47.6054835319519
AiE2510m,No_Labeling,0,Lamp5,0.2758791446685791,3.30624718523587,0.51950779639194,60.7058823529412,38.5189971886575
AiE2515m,Off_Target,0,L2-3_IT,6.110590934753418,4.47379306153668,0.731289985345574,45.9627329192547,22.8700315738097
AiE2517m,No_Labeling,0,L4_IT,,2.78002013145485,0.678706734444402,33.1707317073171,2.94882358890026
AiE2518m,On_Target,1,L5_ET,8.85720443725586,4.60902108554261,0.718798930170106,30.3370786516854,13.6055834563449
AiE2519m,On_Target,1,L5_ET,-3.712584972381592,3.01249946824169,0.699603754470577,42.5373134328358,4.11575442831962
AiE2520m,No_Labeling,0,L5_ET,1.3338489532470703,3.08333254476915,0.675838814061116,41.044776119403,3.11958458460866
AiE2522m,Off_Target,0,Lamp5,3.474378824234009,2.97491725741071,0.521647420096985,48.7272727272727,16.90804823488
AiE2523m,No_Labeling,0,L5_ET,19.49984359741211,4.65786834073071,0.759219379030855,43.4074074074074,35.8621156727894
AiE2524m,On_Target,1,L5_ET,8.932342529296875,4.63866362583537,0.748851838010587,44.3283582089552,38.5884754043074
AiE2525m,On_Target,1,L5_ET,-3.8057422637939453,2.36683224403647,0.380902186135246,56.763925729443,20.3428375683725
AiE2526m,No_Labeling,0,Pvalb_ChC,-0.8962515592575073,3.31178983523949,0.289993594048014,49.8245614035088,5.58338606357575
AiE2527m,No_Labeling,0,Sncg,-0.6825351715087891,4.1686298378861,0.725349095107479,48.3443708609272,18.6988704800606
AiE2528m,No_Labeling,0,Vip,-5.443662643432617,3.89642046313979,0.684327712426939,42.6287744227353,17.8457274399698
AiE2529m,Mixed_Target,0,Sncg,-0.5951600074768066,3.58220338246759,0.723752183360252,44.6058091286307,15.118235707283
AiE2530m,On_Target,1,Lamp5_Pax6,-6.55647087097168,2.14484309275577,0.523978387188408,43.2485322896282,11.6502711474895
AiE2531m,On_Target,1,Sncg,7.864276885986328,3.68600474983129,0.647381707069594,42.2,20.6881120204926
AiE2535m,Mixed_Target,0,Vip,5.515928268432617,4.118229742737,0.664193828800576,54.1973490427099,57.3376612141728
AiE2536m,No_Labeling,0,Sncg,1.6717495918273926,3.70886905210847,0.571711341239989,46.484375,9.54835939407348
AiE2537m,No_Labeling,0,VLMC,12.293353080749512,4.5440779057189,0.696789132127775,55.5035128805621,79.9505985975266
AiE2538m,Mixed_Target,0,Sncg,0.8361539840698242,2.89555054344075,0.589623794234129,55.2631578947368,29.4407747983932
AiE2539m,Mixed_Target,0,Vip,-7.1638689041137695,3.70029426658539,0.608811015340274,55.7539682539683,22.8028737511486
AiE2540m,On_Target,1,Sst,-2.6161556243896484,2.63821130004226,0.721591233794646,38.3561643835616,58.5998308472335
AiE2541m,No_Labeling,0,Sst_Chodl,-6.79796838760376,2.72573467049882,0.68026684580553,50.1002004008016,17.9059672951698
AiE2542m,No_Labeling,0,Sst_Chodl,-2.31889271736145,2.26156335767328,0.508718776769407,42.0131291028446,16.8526752591133
AiE2543m,On_Target,1,L2-3_IT,16.61284065246582,4.20623952437737,0.682064400532621,44.8275862068966,52.6510866321624
AiE2545m,On_Target,1,L4_IT,,2.70121374006039,0.74948937124548,47.2266244057052,46.0845077186822
AiE2547m,No_Labeling,0,Vip,-5.912412166595459,3.42214870446693,0.551174346043245,50.7017543859649,19.9938241168857
AiE2548m,No_Labeling,0,Lamp5,-1.1719496250152588,2.4327610967083,0.523821877571109,64.6739130434783,47.0290082283319
AiE2549m,On_Target,1,L5_ET,14.16952133178711,4.44044391280915,0.641048796572112,35.4260089686099,19.713677697815
AiE2550m,Off_Target,0,L5_ET,6.281298637390137,3.9940833576961,0.751839694155758,38.1313131313131,21.4700824990869
AiE2553m,No_Labeling,0,L6_CT,-7.647791862487793,2.98355386940026,0.678666179146106,45.046439628483,16.5593145824969
AiE2554m,Off_Target,0,L6_CT,-2.274533271789551,2.84925987329587,0.676771735313578,37.8119001919386,19.7166239339858
AiE2555m,No_Labeling,0,L6_CT,-2.0385146141052246,3.23529138482735,0.464513441076234,38.663967611336,9.29529533721506
AiE2556m,No_Labeling,0,L6_CT,1.747262954711914,4.00576583658402,0.702886225677659,43.509272467903,39.5878018839285
AiE2557m,No_Labeling,0,L6_IT_Car3,-4.439151763916016,2.45874774613373,0.745924057924829,38.2151029748284,6.05379357933998
AiE2558m,Off_Target,0,L6_IT,-5.315118312835693,3.66807682288933,0.535928571002687,54.1147132169576,13.7503036223352
AiE2559m,No_Labeling,0,Sst_Chodl,-2.204683780670166,2.79765269059582,0.367449034337997,53.4988713318284,12.6395063996315
AiE2560m,No_Labeling,0,L5_ET,1.092081069946289,2.50953802034676,0.580222846017088,45.5855855855856,12.163758488372
AiE2561m,No_Labeling,0,L6_CT,3.7838706970214844,4.25889538001794,0.525488307754212,54.0,40.0293836463243
AiE2562m,Off_Target,0,L6_CT,-5.648682117462158,1.71597523295389,0.448087524010712,40.5764966740577,8.05886642262338
AiE2563m,Mixed_Target,0,L5_ET,-0.04666423797607422,3.33950181408907,0.604935065056407,43.8709677419355,26.503361877054
AiE2564m,Mixed_Target,0,L6_CT,1.5600337982177734,4.5141989462209,0.745156727303558,47.3684210526316,21.1517647951841
AiE2565m,Off_Target,0,L6_CT,1.5197749137878418,4.52926679137649,0.671993477135163,49.680170575693,38.5500848963856
AiE2566m,No_Labeling,0,L6_CT,2.2513866424560547,3.76259064702523,0.614849608352571,51.4285714285714,21.9245326984674
AiE2568m,Off_Target,0,L2-3_IT,-0.12020397186279297,2.51825776623191,0.548242559089038,70.0239808153477,41.9662806540727
AiE2569m,Mixed_Target,0,L2-3_IT,0.7100644111633301,4.15354458347028,0.727958253736656,40.7265774378585,20.9604068174958
AiE2570m,Off_Target,0,L2-3_IT,-6.577703475952148,4.19299066722234,0.627030102898329,47.2049689440994,16.3227464072406
AiE2571m,No_Labeling,0,L6_CT,-1.078231692314148,2.76235149881761,0.466796389628699,40.6466512702078,2.91443938482552
AiE2572m,Mixed_Target,0,L6_CT,-1.818202257156372,3.8238573599481,0.721722162367131,42.4157303370786,4.34957998618483
AiE2573m,Mixed_Target,0,L6_CT,-11.411452293395996,2.93553223959134,0.739244743890058,47.9608482871126,57.7147320248187
AiE2574m,No_Labeling,0,L6_CT,6.398613929748535,3.82911464383605,0.714501139840021,44.6341463414634,25.1701583415269
AiE2575m,Mixed_Target,0,L6_CT,-6.573467254638672,3.43997076912988,0.822291205823367,49.4423791821561,73.2142505049706
AiE2576m,Mixed_Target,0,L6_CT,4.958179473876953,3.24227787466696,0.743397183959268,38.3445945945946,55.6392975859344
AiE2577m,Mixed_Target,0,Astro,-18.900537490844727,2.87145896766485,0.63794326938597,46.9500924214418,47.3512244671584
AiE2578m,No_Labeling,0,L5-6_NP,6.128496170043945,2.87197792947486,0.741843281198429,47.0967741935484,67.5658540651202
AiE2579m,Mixed_Target,0,L6_CT,3.2684574127197266,4.02176321902886,0.791734415780249,50.8557457212714,42.8996648183093
AiE2581m,No_Labeling,0,L6_CT,0.09152507781982422,3.81871085776847,0.623211195891002,45.440956651719,27.9962813984602
AiE2582m,Mixed_Target,0,L6_IT_Car3,1.9591331481933594,3.45424246714224,0.758261854005409,48.8,67.3484540060162
AiE2583m,Mixed_Target,0,L6_IT_Car3,5.052120208740234,3.30133673595895,0.712072715301759,40.8060453400504,18.5397429987788
AiE2585m,On_Target,1,Sncg,7.233743190765381,3.4113220762775,0.64669155288042,38.6759581881533,13.128994166851
AiE2586m,Off_Target,0,OPC,-2.6921443939208984,3.30231458371839,0.456890059183198,52.7733755942948,86.259633153677
AiE2587m,On_Target,1,L6b,4.6998186111450195,3.03305253777323,0.543416136837427,40.1898734177215,7.70927123352885
AiE2588m,No_Labeling,0,L5-6_NP,4.365314483642578,3.7090739076025,0.646111737911407,33.7455830388693,6.78652607649564
AiE2589m,Mixed_Target,0,L6_IT_Car3,-16.5056209564209,3.64389309920192,0.634521108715177,42.914979757085,23.2692691460252
AiE2590m,On_Target,1,Sst_Chodl,7.425049781799316,4.08008092573098,0.540480601470144,43.7837837837838,30.5454740524291
AiE2591m,On_Target,1,Vip,-0.021104812622070312,2.87597582943063,0.696980250055191,48.7025948103792,18.0935846976936
AiE2592m,Off_Target,0,L6_IT,-5.2498955726623535,1.51810793715093,0.481976039580267,51.7382413087935,28.4792764931916
AiE2593m,Mixed_Target,0,L5_IT,-13.635871887207031,1.68175508358576,0.59446443268761,49.6108949416342,56.1886873841285
AiE2596m,On_Target,1,L6_IT_Car3,-2.8566527366638184,3.71314496054716,0.739734987309636,40.3973509933775,10.0265956297517
AiE2597m,Off_Target,0,L6_IT_Car3,-7.951990127563477,2.0491368594498,0.58302145022126,48.2378854625551,13.2426733598113
AiE2598m,No_Labeling,0,L6b,-1.6156985759735107,2.61267167642868,0.444407661653981,47.2772277227723,18.7225158959627
AiE2600m,No_Labeling,0,OPC,-5.944223403930664,3.02076330750722,0.437995185392539,60.7954545454545,40.2672184165567
AiE2601m,No_Labeling,0,L6_IT_Car3,-7.011796951293945,2.93770789693954,0.686049277842274,51.0688836104513,20.8099154904485
AiE2602m,No_Labeling,0,Lamp5_Lhx6,3.3375284671783447,3.98900506459674,0.748173240670138,30.5993690851735,20.8651428222656
AiE2603m,On_Target,1,Lamp5_Lhx6,7.481401443481445,3.82241232269441,0.784681799562355,34.2565597667638,26.0814285278321
AiE2604m,On_Target,1,Lamp5_Lhx6,5.688802242279053,3.91651433798822,0.807863618137271,31.0743801652893,24.7773571014403
AiE2605m,No_Labeling,0,Pvalb_ChC,-3.13795804977417,3.19968895480511,0.574751543111499,40.8163265306122,5.58338606357575
AiE2606m,No_Labeling,0,Sst_Chodl,-4.145827770233154,2.66591642148107,0.452248841320555,44.9115044247788,3.15987664461137
AiE2607m,No_Labeling,0,L4_IT,,3.48921528957765,0.723517491342414,51.6329704510109,31.5597235746682
AiE2608m,Off_Target,0,Lamp5,-7.468607425689697,2.46248289936723,0.543691495694257,65.4471544715447,60.8017889745533
AiE2609m,No_Labeling,0,Lamp5,-0.32126522064208984,2.42913779007655,0.488555826861614,62.3287671232877,30.1209601946174
AiE2610m,Off_Target,0,VLMC,-3.3965306282043457,2.79167246752255,0.524184716984346,54.0,45.3378399610519
AiE2611m,No_Labeling,0,Sst_Chodl,-1.4236341714859009,3.06860317234233,0.513781910243958,36.5384615384615,3.15987664461137
AiE2612m,Mixed_Target,0,L6_IT,-1.9547399282455444,3.1368311498814,0.490840627852518,46.3815789473684,7.75595419853926
AiE2613m,On_Target,1,Astro,-36.99497604370117,3.41196047876385,0.778246592486709,47.5438596491228,59.9601122662425
AiE2615m,No_Labeling,0,L6_CT,-4.10692024230957,3.39852372891301,0.477845573420263,44.2088091353997,51.5988243967293
AiE2616m,No_Labeling,0,L6_CT,-4.012179851531982,3.61899514401096,0.490098890906346,43.0434782608696,51.267638688907
AiE2617m,No_Labeling,0,L6_CT,-1.543884038925171,3.52424304281923,0.439819203870769,41.3431269674711,67.4957673568279
AiE2618m,Off_Target,0,Astro,-1.7784147262573242,3.48017263251462,0.672206435547655,35.6993736951983,52.5499662570655
AiE2619m,Mixed_Target,0,L6b,-17.900653839111328,3.40698668650975,0.776656747545354,48.9198606271777,338.803581509738
AiE2620m,No_Labeling,0,L5_IT,6.159586429595947,3.16780787361707,0.65958724255709,38.6013986013986,42.7342226263135
AiE2621m,On_Target,1,L6_IT_Car3,-1.230567455291748,4.39687172256352,0.774175699944511,47.9041916167665,110.103370942175
